Model,Accuracy,Precision,Recall,F1 score
Gradient Boosting,0.696875,0.6822992955819052,0.696875,0.6884015523548247
KNN,0.65078,0.6484393293294312,0.65078,0.6493264356879888
Random Forest,0.644255,0.6360451006703862,0.644255,0.6398466225054482
Decision Tree,0.60293,0.6083529916593848,0.60293,0.6055551495165673
